{
  "Modello": "DistilBERT",
  "Accuracy": 0.8233287858117326,
  "F1 (macro)": 0.8243746229536052,
  "F1 (weighted)": 0.8243516735926537,
  "Precision (macro)": 0.8260959808042241,
  "Recall (macro)": 0.8233542302233844
}